hash,from,to,value,feeWei,timestamp
0x1,0xaaa,0xbbb,1000000000000000000,2100000000000000000,1
0x2,0xccc,0xddd,2000000000000000000,22000000000000,2
0x3,0xeee,0xfff,1500000000000000000,23000000000000,3
0x4,0x111,0x222,500000000000000000,24000000000000,4
0x5,0x333,0x444,2500000000000000000,25000000000000,5
0x6,0x555,0x666,1200000000000000000,26000000000000,6
0x7,0x777,0x888,1800000000000000000,27000000000000,7
0x8,0x999,0xaaa,2200000000000000000,28000000000000,8
0x9,0xbbb,0xccc,900000000000000000,29000000000000,9
0xa,0xddd,0xeee,3000000000000000000,30000000000000,10
0xb,0xfff,0x111,1100000000000000000,31000000000000,11
0xc,0x222,0x333,800000000000000000,32000000000000,12
0xd,0x444,0x555,2700000000000000000,33000000000000,13
0xe,0x666,0x777,600000000000000000,34000000000000,14
0xf,0x888,0x999,1300000000000000000,35000000000000,15
0x10,0xaaa,0xbbb,900000000000000000,36000000000000,16
0x11,0xccc,0xddd,1700000000000000000,37000000000000,17
0x12,0xeee,0xfff,2100000000000000000,38000000000000,18
0x13,0x111,0x222,500000000000000000,39000000000000,19
0x14,0x333,0x444,1400000000000000000,40000000000000,20
0x15,0x555,0x666,2000000000000000000,410000000000000,21
0x16,0x777,0x888,100000000000000000000,42000000000000,1
